action,actor,user,org,repo,created_at,data.hook_id,data.events,data.events_were,data.target_login,data.old_user,data.team
repo.create,ruzyysmartt,ruzyysmartt,,ruzyysmartt/vocaloid-gui,1561683322779,,,,,,
user.create,ruzyysmartt,ruzyysmartt,,,1560958564407,,,,,,
repo.create,ruzyysmartt,ruzyysmartt,,ruzyysmartt/git-hub,1560961083428,,,,,,
oauth_authorization.create,ruzyysmartt,ruzyysmartt,,,1561690520508,,,,,,
migration.create,ruzyysmartt,,ruzyysmartt,"[""ruzyysmartt/git-hub""]",1561336526390,,,,,,
oauth_authorization.create,ruzyysmartt,ruzyysmartt,,,1562040202710,,,,,,
oauth_authorization.create,ruzyysmartt,ruzyysmartt,,,1564263578235,,,,,,
oauth_authorization.create,ruzyysmartt,ruzyysmartt,,,1562446365024,,,,,,
integration_installation.create,ruzyysmartt,ruzyysmartt,,,1562468884170,,,,,,
migration.create,ruzyysmartt,,ruzyysmartt,"[""ruzyysmartt/git-hub"", ""ruzyysmartt/vocaloid-gui""]",1564126941054,,,,,,
integration_installation.create,ruzyysmartt,ruzyysmartt,,,1562468999177,,,,,,
oauth_authorization.create,ruzyysmartt,ruzyysmartt,,,1564257610526,,,,,,
marketplace_agreement_signature.create,ruzyysmartt,ruzyysmartt,,,1562468843116,,,,,,
oauth_authorization.create,ruzyysmartt,ruzyysmartt,,,1564237709242,,,,,,
oauth_authorization.create,ruzyysmartt,ruzyysmartt,,,1568490272933,,,,,,
oauth_authorization.create,ruzyysmartt,ruzyysmartt,,,1572547617552,,,,,,
integration_installation.repositories_added,ruzyysmartt,ruzyysmartt,,,1573630640814,,,,,,
repo.create,ruzyysmartt,ruzyysmartt,,ruzyysmartt/explore,1572993935814,,,,,,
repo.create,ruzyysmartt,ruzyysmartt,,ruzyysmartt/my-Address-wallet,1573128097231,,,,,,
repo.pages_create,ruzyysmartt,ruzyysmartt,,ruzyysmartt/vocaloid-gui,1573130963854,,,,,,
user.add_email,ruzyysmartt,ruzyysmartt,,,1573315425920,,,,,,
integration_installation.repositories_added,ruzyysmartt,ruzyysmartt,,,1574789696080,,,,,,
integration_installation.repositories_added,ruzyysmartt,ruzyysmartt,,,1574360731034,,,,,,
project.create,ruzyysmartt,ruzyysmartt,,,1574133075322,,,,,,
integration_installation.create,ruzyysmartt,ruzyysmartt,,,1574106293784,,,,,,
integration_installation.repositories_added,ruzyysmartt,ruzyysmartt,,,1574433632592,,,,,,
repo.create,ruzyysmartt,ruzyysmartt,,ruzyysmartt/0x3023868433F6086cd8CE0C4083fe2E11B37ce0B7,1574789696142,,,,,,
hook.create,ruzyysmartt,,,ruzyysmartt/my-wallet-ethereum,1573122470413,155723748,"[""push""]",,,,
integration_installation.repositories_added,ruzyysmartt,ruzyysmartt,,,1573128097231,,,,,,
oauth_authorization.create,ruzyysmartt,ruzyysmartt,,,1574105708288,,,,,,
repo.create,ruzyysmartt,ruzyysmartt,,ruzyysmartt/showmewhatyougot,1574788001360,,,,,,
repo.pages_create,ruzyysmartt,ruzyysmartt,,ruzyysmartt/my-wallet-ethereum,1573099232230,,,,,,
user.add_email,ruzyysmartt,ruzyysmartt,,,1573101285182,,,,,,
oauth_authorization.create,ruzyysmartt,ruzyysmartt,,,1573133069504,,,,,,
integration_installation.repositories_added,ruzyysmartt,ruzyysmartt,,,1572993935814,,,,,,
repo.create,ruzyysmartt,ruzyysmartt,,ruzyysmartt/my-etherscan-wallet,1573264370062,,,,,,
integration_installation.repositories_added,ruzyysmartt,ruzyysmartt,,,1574360336606,,,,,,
hook.create,ruzyysmartt,,,ruzyysmartt/0x3023868433F6086cd8CE0C4083fe2E11B37ce0B7,1574791572447,161196981,"[""push""]",,,,
integration_installation.repositories_added,ruzyysmartt,ruzyysmartt,,,1573632377189,,,,,,
integration_installation.repositories_added,ruzyysmartt,ruzyysmartt,,,1574433632660,,,,,,
integration_installation.repositories_added,ruzyysmartt,ruzyysmartt,,,1574788001255,,,,,,
repo.create,ruzyysmartt,ruzyysmartt,,ruzyysmartt/remix-ethereum.org,1574360731290,,,,,,
integration_installation.repositories_added,ruzyysmartt,ruzyysmartt,,,1574107798988,,,,,,
integration_installation.repositories_added,ruzyysmartt,ruzyysmartt,,,1574789696011,,,,,,
repo.create,ruzyysmartt,ruzyysmartt,,ruzyysmartt/openzeppelin-contracts,1572869671381,,,,,,
integration_installation.repositories_added,ruzyysmartt,ruzyysmartt,,,1573097878790,,,,,,
oauth_authorization.create,ruzyysmartt,ruzyysmartt,,,1573629647256,,,,,,
repo.create,ruzyysmartt,ruzyysmartt,,ruzyysmartt/guides,1574433632778,,,,,,
repo.create,ruzyysmartt,ruzyysmartt,,ruzyysmartt/logo-ethereum-png,1573630640882,,,,,,
integration_installation.create,ruzyysmartt,ruzyysmartt,,,1574106001706,,,,,,
integration_installation.repositories_added,ruzyysmartt,ruzyysmartt,,,1574788001312,,,,,,
repo.create,ruzyysmartt,ruzyysmartt,,ruzyysmartt/my-wallet-ethereum,1573097878790,,,,,,
integration_installation.repositories_added,ruzyysmartt,ruzyysmartt,,,1572869671381,,,,,,
oauth_authorization.create,ruzyysmartt,ruzyysmartt,,,1573264557383,,,,,,
migration.create,ruzyysmartt,,ruzyysmartt,"[""ruzyysmartt/explore"", ""ruzyysmartt/git-hub"", ""ruzyysmartt/my-Address-wallet"", ""ruzyysmartt/my-wallet-ethereum"", ""ruzyysmartt/openzeppelin-contracts"", ""ruzyysmartt/vocaloid-gui""]",1573131422425,,,,,,
integration_installation.repositories_added,ruzyysmartt,ruzyysmartt,,,1573130964121,,,,,,
integration_installation.repositories_added,ruzyysmartt,ruzyysmartt,,,1574360730914,,,,,,
migration.create,ruzyysmartt,,ruzyysmartt,"[""ruzyysmartt/explore"", ""ruzyysmartt/git-hub"", ""ruzyysmartt/my-Address-wallet"", ""ruzyysmartt/my-wallet-ethereum"", ""ruzyysmartt/openzeppelin-contracts"", ""ruzyysmartt/vocaloid-gui""]",1573131776078,,,,,,
oauth_authorization.create,ruzyysmartt,ruzyysmartt,,,1573264370528,,,,,,
integration_installation.create,ruzyysmartt,ruzyysmartt,,,1573099232504,,,,,,
integration_installation.repositories_added,ruzyysmartt,ruzyysmartt,,,1573264369997,,,,,,
oauth_authorization.create,ruzyysmartt,ruzyysmartt,,,1573099232857,,,,,,
repo.create,ruzyysmartt,ruzyysmartt,,ruzyysmartt/logo-ethereum.png,1573632377294,,,,,,
migration.create,ruzyysmartt,,ruzyysmartt,"[""ruzyysmartt/explore"", ""ruzyysmartt/git-hub"", ""ruzyysmartt/my-Address-wallet"", ""ruzyysmartt/my-etherscan-wallet"", ""ruzyysmartt/my-wallet-ethereum"", ""ruzyysmartt/openzeppelin-contracts"", ""ruzyysmartt/vocaloid-gui""]",1573629515801,,,,,,
project.create,ruzyysmartt,ruzyysmartt,,,1574133177394,,,,,,
integration_installation.repositories_added,ruzyysmartt,ruzyysmartt,,,1576849859593,,,,,,
integration_installation.repositories_added,ruzyysmartt,ruzyysmartt,,,1576863125806,,,,,,
project.create,ruzyysmartt,,https-github-com-ruzyysmartt,,1576886250813,,,,,,
repo.create,ruzyysmartt,ruzyysmartt,,ruzyysmartt/my-key-wallet-0xde0b295669a9fd93d5f28d9ec85e40f4cb697bae,1576859378724,,,,,,
integration_installation.repositories_added,ruzyysmartt,ruzyysmartt,,,1576930292334,,,,,,
project.create,ruzyysmartt,,https-github-com-ruzyysmartt,,1576887056024,,,,,,
integration_installation.repositories_added,ruzyysmartt,ruzyysmartt,,,1577023149604,,,,,,
integration_installation.repositories_added,ruzyysmartt,ruzyysmartt,,,1577058916536,,,,,,
repo.create,ruzyysmartt,ruzyysmartt,,ruzyysmartt/download.mycrypto.com,1576841508768,,,,,,
repo.create,ruzyysmartt,,https-github-com-ruzyysmartt,https-github-com-ruzyysmartt/docs-travis-ci-com,1577721390763,,,,,,
repo.create,ruzyysmartt,,https-github-com-ruzyysmartt,https-github-com-ruzyysmartt/cccatalog-frontend,1577541551397,,,,,,
integration_installation.repositories_added,ruzyysmartt,ruzyysmartt,,,1577381433608,,,,,,
marketplace_listing.create,ruzyysmartt,ruzyysmartt,,,1577235011866,,,,,,
repo.create,ruzyysmartt,,https-github-com-ruzyysmartt,https-github-com-ruzyysmartt/public_key,1577240084788,,,,,,
repo.create,ruzyysmartt,,https-github-com-ruzyysmartt,https-github-com-ruzyysmartt/stellar-core,1577808817268,,,,,,
oauth_authorization.create,ruzyysmartt,ruzyysmartt,,,1576169994727,,,,,,
integration_installation.repositories_added,ruzyysmartt,ruzyysmartt,,,1576169569839,,,,,,
repo.create,ruzyysmartt,ruzyysmartt,,ruzyysmartt/remix,1576477659506,,,,,,
integration_installation.create,ruzyysmartt,,https-github-com-ruzyysmartt,,1576861167023,,,,,,
integration_installation.repositories_added,ruzyysmartt,ruzyysmartt,,,1576863424818,,,,,,
repo.create,ruzyysmartt,,https-github-com-ruzyysmartt,https-github-com-ruzyysmartt/source-verify,1576872661857,,,,,,
oauth_authorization.create,ruzyysmartt,ruzyysmartt,,,1576852834621,,,,,,
repo.create,ruzyysmartt,ruzyysmartt,,ruzyysmartt/desktop,1577024244097,,,,,,
integration_installation.create,ruzyysmartt,,https-github-com-ruzyysmartt,,1577096529376,,,,,,
integration_installation.repositories_added,ruzyysmartt,ruzyysmartt,,,1577087235530,,,,,,
user.add_email,ruzyysmartt,ruzyysmartt,,,1577102515586,,,,,,
org.add_member,ruzyysmartt,ruzyysmartt,github-com-account-organizations-news,,1577432373999,,,,,,
repo.add_member,ruzyysmartt,ruzyysmartt,https-github-com-ruzyysmartt,https-github-com-ruzyysmartt/fuzzy-enigma,1577534985760,,,,,,
repo.create,ruzyysmartt,ruzyysmartt,,ruzyysmartt/docs-travis-ci-com,1577721271443,,,,,,
repo.create,ruzyysmartt,,github-com-account-organizations-news,github-com-account-organizations-news/writecontract,1577742433711,,,,,,
integration_installation.repositories_added,ruzyysmartt,ruzyysmartt,,,1577501342087,,,,,,
repo.create,ruzyysmartt,ruzyysmartt,,ruzyysmartt/from-ruzyysmartt-github-txt-remix-debugge-commit-reponsentory,1577334695480,,,,,,
repo.create,ruzyysmartt,ruzyysmartt,,ruzyysmartt/flight-manual.atom.io,1577236091839,,,,,,
oauth_authorization.create,ruzyysmartt,ruzyysmartt,,,1576171344009,,,,,,
integration_installation.repositories_added,ruzyysmartt,ruzyysmartt,,,1577236642249,,,,,,
user.add_email,ruzyysmartt,ruzyysmartt,,,1577243194752,,,,,,
user.add_email,ruzyysmartt,ruzyysmartt,,,1577249630435,,,,,,
repo.create,ruzyysmartt,,https-github-com-ruzyysmartt,https-github-com-ruzyysmartt/hello-world-javascript-action,1577436025596,,,,,,
project.create,ruzyysmartt,,,ruzyysmartt/ruzyysmartt-bechmark-reposentory,1577095876956,,,,,,
repo.create,ruzyysmartt,ruzyysmartt,,ruzyysmartt/ruzyysmartt-ether-0x3023868433F6086cd8CE0C4083fe2E11B37ce0B7,1576863424951,,,,,,
integration_installation.repositories_added,ruzyysmartt,ruzyysmartt,,,1576709977841,,,,,,
integration_installation.repositories_added,ruzyysmartt,ruzyysmartt,,,1577023149678,,,,,,
repo.create,ruzyysmartt,ruzyysmartt,,ruzyysmartt/complitasion-remix-debugge-transacsion,1577023149738,,,,,,
integration_installation.repositories_added,ruzyysmartt,ruzyysmartt,,,1577023534032,,,,,,
integration_installation.repositories_added,ruzyysmartt,ruzyysmartt,,,1577723004128,,,,,,
integration_installation.repositories_added,ruzyysmartt,ruzyysmartt,,,1576531915561,,,,,,
integration_installation.repositories_added,ruzyysmartt,ruzyysmartt,,,1576535050980,,,,,,
repo.pages_create,ruzyysmartt,ruzyysmartt,,ruzyysmartt/0x3023868433F6086cd8CE0C4083fe2E11B37ce0B7,1576415363321,,,,,,
repo.create,ruzyysmartt,ruzyysmartt,,ruzyysmartt/Ethereum-Game-Development-Projects,1576118732477,,,,,,
integration_installation.repositories_added,ruzyysmartt,ruzyysmartt,,,1576200907071,,,,,,
oauth_authorization.create,ruzyysmartt,ruzyysmartt,,,1576200405176,,,,,,
integration_installation.repositories_added,ruzyysmartt,ruzyysmartt,,,1577023315436,,,,,,
integration_installation.repositories_added,ruzyysmartt,ruzyysmartt,,,1576894166314,,,,,,
repo.create,ruzyysmartt,ruzyysmartt,,ruzyysmartt/semver,1576844561466,,,,,,
repo.create,ruzyysmartt,ruzyysmartt,,ruzyysmartt/ruzyysmartt-ruzyysmartt--0x3023868433F6086cd8CE0C4083fe2E11B37ce0B7,1576863125938,,,,,,
repo.create,ruzyysmartt,ruzyysmartt,,ruzyysmartt/opensource.guide,1577425964840,,,,,,
repo.create,ruzyysmartt,ruzyysmartt,,ruzyysmartt/Commit-remix-debungge-Complite-set-reposentory,1577501342137,,,,,,
repo.create,ruzyysmartt,,https-github-com-ruzyysmartt,https-github-com-ruzyysmartt/complitasion-remix-debugge-transacsion,1577304451974,,,,,,
repo.create,ruzyysmartt,,github-com-account-organizations-news,github-com-account-organizations-news/ruzyysmartt-bechmark-reposentory,1577550246041,,,,,,
integration_installation.repositories_added,ruzyysmartt,ruzyysmartt,,,1577236091773,,,,,,
repo.create,ruzyysmartt,,https-github-com-ruzyysmartt,https-github-com-ruzyysmartt/Remix-debugge-dicompile-ruzyysmartt-,1576894818838,,,,,,
integration_installation.repositories_added,ruzyysmartt,ruzyysmartt,,,1577012094198,,,,,,
repo.create,ruzyysmartt,ruzyysmartt,,ruzyysmartt/-github-ruzyysmartt-repository-0xb7bbf6d2f5372022cc07b6677a9eb49ce78da8c3,1577023534086,,,,,,
repo.pages_create,ruzyysmartt,,https-github-com-ruzyysmartt,https-github-com-ruzyysmartt/Commit-remix-debungge-Complite-set-reposentory,1577695209894,,,,,,
integration_installation.create,ruzyysmartt,,https-github-com-ruzyysmartt,,1577695210178,,,,,,
integration_installation.repositories_added,ruzyysmartt,ruzyysmartt,,,1577721271248,,,,,,
integration_installation.repositories_added,ruzyysmartt,,https-github-com-ruzyysmartt,,1577778003265,,,,,,
oauth_authorization.create,ruzyysmartt,ruzyysmartt,,,1576022820760,,,,,,
oauth_application.create,ruzyysmartt,ruzyysmartt,,,1576064841063,,,,,,
integration_installation.repositories_added,ruzyysmartt,ruzyysmartt,,,1576535050913,,,,,,
repo.create,ruzyysmartt,ruzyysmartt,,ruzyysmartt/corefx,1576847655632,,,,,,
repo.create,ruzyysmartt,ruzyysmartt,,ruzyysmartt/atom,1576882428127,,,,,,
integration_installation.repositories_added,ruzyysmartt,ruzyysmartt,,,1576863427236,,,,,,
integration_installation.repositories_added,ruzyysmartt,ruzyysmartt,,,1576930292399,,,,,,
repo.create,ruzyysmartt,ruzyysmartt,,ruzyysmartt/web3.js,1577012094326,,,,,,
repo.create,ruzyysmartt,,https-github-com-ruzyysmartt,https-github-com-ruzyysmartt/action-serverless,1577436547203,,,,,,
repo.create,ruzyysmartt,,https-github-com-ruzyysmartt,https-github-com-ruzyysmartt/Commit-remix-debungge-Complite-set-reposentory,1577502376997,,,,,,
integration_installation.repositories_added,ruzyysmartt,ruzyysmartt,,,1577489735903,,,,,,
integration_installation.repositories_added,ruzyysmartt,ruzyysmartt,,,1577727184385,,,,,,
integration_installation.create,ruzyysmartt,ruzyysmartt,,,1577721015451,,,,,,
oauth_authorization.create,ruzyysmartt,ruzyysmartt,,,1576172333917,,,,,,
integration_installation.repositories_added,ruzyysmartt,ruzyysmartt,,,1576200906927,,,,,,
repo.create,ruzyysmartt,ruzyysmartt,,ruzyysmartt/circleci-docs,1576200907141,,,,,,
integration_installation.repositories_added,ruzyysmartt,ruzyysmartt,,,1576118732345,,,,,,
integration_installation.repositories_added,ruzyysmartt,ruzyysmartt,,,1576841508493,,,,,,
integration_installation.repositories_added,ruzyysmartt,ruzyysmartt,,,1577012094270,,,,,,
repo.create,ruzyysmartt,,https-github-com-ruzyysmartt,https-github-com-ruzyysmartt/-github-ruzyysmartt-repository-0xb7bbf6d2f5372022cc07b6677a9eb49ce78da8c3,1577023618718,,,,,,
integration_installation.repositories_added,ruzyysmartt,ruzyysmartt,,,1577023533939,,,,,,
repo.create,ruzyysmartt,,https-github-com-ruzyysmartt,https-github-com-ruzyysmartt/my-etherscan-wallet,1576881781931,,,,,,
integration_installation.repositories_added,ruzyysmartt,ruzyysmartt,,,1576848994363,,,,,,
integration_installation.repositories_added,ruzyysmartt,ruzyysmartt,,,1577533263706,,,,,,
integration_installation.repositories_added,ruzyysmartt,ruzyysmartt,,,1577721271152,,,,,,
project.create,ruzyysmartt,,https-github-com-ruzyysmartt,https-github-com-ruzyysmartt/MyCrypto,1577778368883,,,,,,
integration_installation.repositories_added,ruzyysmartt,ruzyysmartt,,,1577781118590,,,,,,
user.add_email,ruzyysmartt,ruzyysmartt,,,1577243743077,,,,,,
user.add_email,ruzyysmartt,ruzyysmartt,,,1577244504855,,,,,,
project.create,ruzyysmartt,,https-github-com-ruzyysmartt,https-github-com-ruzyysmartt/my-etherscan-wallet,1577284475111,,,,,,
repo.create,ruzyysmartt,,github-com-account-organizations-news,github-com-account-organizations-news/toolkit,1577435589637,,,,,,
project.create,ruzyysmartt,,,ruzyysmartt/browser-compat-data,1576850643098,,,,,,
integration_installation.repositories_added,ruzyysmartt,ruzyysmartt,,,1576871635185,,,,,,
repo.create,ruzyysmartt,ruzyysmartt,,ruzyysmartt/source-verify,1576871635245,,,,,,
migration.create,ruzyysmartt,,ruzyysmartt,"[""ruzyysmartt/atom"", ""ruzyysmartt/bignumber.js"", ""ruzyysmartt/brew"", ""ruzyysmartt/browser-compat-data"", ""ruzyysmartt/circleci-docs"", ""ruzyysmartt/corefx"", ""ruzyysmartt/download.mycrypto.com"", ""ruzyysmartt/EIPs"", ""ruzyysmartt/Ethereum-Game-Development-Projects"", ""ruzyysmartt/ethereum-studio"", ""ruzyysmartt/explore"", ""ruzyysmartt/git-hub"", ""ruzyysmartt/guides"", ""ruzyysmartt/logo-ethereum-png"", ""ruzyysmartt/logo-ethereum.png"", ""ruzyysmartt/my-Address-wallet"", ""ruzyysmartt/my-etherscan-wallet"", ""ruzyysmartt/my-key-wallet-0xde0b295669a9fd93d5f28d9ec85e40f4cb697bae"", ""ruzyysmartt/my-wallet-ethereum"", ""ruzyysmartt/openzeppelin-contracts"", ""ruzyysmartt/remix"", ""ruzyysmartt/remix-ethereum.org"", ""ruzyysmartt/ruzyysmartt-0x3023868433F6086cd8CE0C4083fe2E11B37ce0B7"", ""ruzyysmartt/ruzyysmartt-ether-0x3023868433F6086cd8CE0C4083fe2E11B37ce0B7"", ""ruzyysmartt/ruzyysmartt-ruzyysmartt--0x3023868433F6086cd8CE0C4083fe2E11B37ce0B7"", ""ruzyysmartt/ruzyysmartt-wallet-address"", ""ruzyysmartt/semver"", ""ruzyysmartt/showmewhatyougot"", ""ruzyysmartt/source-verify"", ""ruzyysmartt/vocaloid-gui""]",1576884088035,,,,,,
repo.create,ruzyysmartt,,https-github-com-ruzyysmartt,https-github-com-ruzyysmartt/rest.js,1576930000143,,,,,,
integration_installation.repositories_added,ruzyysmartt,ruzyysmartt,,,1577058916597,,,,,,
repo.create,ruzyysmartt,,https-github-com-ruzyysmartt,https-github-com-ruzyysmartt/panoramix,1577020352175,,,,,,
integration_installation.repositories_added,ruzyysmartt,ruzyysmartt,,,1576844561324,,,,,,
integration_installation.repositories_added,ruzyysmartt,ruzyysmartt,,,1576859378479,,,,,,
integration_installation.repositories_added,ruzyysmartt,ruzyysmartt,,,1576847655563,,,,,,
repo.create,ruzyysmartt,,https-github-com-ruzyysmartt,https-github-com-ruzyysmartt/web3.js,1577012194815,,,,,,
integration_installation.repositories_added,ruzyysmartt,ruzyysmartt,,,1577023315510,,,,,,
repo.create,ruzyysmartt,,https-github-com-ruzyysmartt,https-github-com-ruzyysmartt/guides,1577245139530,,,,,,
oauth_application.create,ruzyysmartt,ruzyysmartt,,,1577234721211,,,,,,
integration_installation.repositories_added,ruzyysmartt,ruzyysmartt,,,1577334695356,,,,,,
repo.create,ruzyysmartt,,https-github-com-ruzyysmartt,https-github-com-ruzyysmartt/from-ruzyysmartt-github-txt-remix-debugge-commit-reponsentory,1577335015324,,,,,,
repo.create,ruzyysmartt,,https-github-com-ruzyysmartt,https-github-com-ruzyysmartt/sourcegraph-codecov,1577782853454,,,,,,
integration_installation.repositories_added,ruzyysmartt,ruzyysmartt,,,1577781118666,,,,,,
integration_installation.create,ruzyysmartt,ruzyysmartt,,,1576422376165,,,,,,
integration_installation.repositories_added,ruzyysmartt,ruzyysmartt,,,1576118732414,,,,,,
integration_installation.repositories_added,ruzyysmartt,ruzyysmartt,,,1577236091690,,,,,,
repo.create,ruzyysmartt,,https-github-com-ruzyysmartt,https-github-com-ruzyysmartt/writecontract,1577299971948,,,,,,
repo.create,ruzyysmartt,,https-github-com-ruzyysmartt,https-github-com-ruzyysmartt/kubernetes-challenge-1-wordpress,1577239127409,,,,,,
integration_installation.repositories_added,ruzyysmartt,ruzyysmartt,,,1577334695427,,,,,,
repo.create,ruzyysmartt,ruzyysmartt,,ruzyysmartt/fuzzy-enigma,1577533263768,,,,,,
repo.pages_create,ruzyysmartt,ruzyysmartt,,ruzyysmartt/ruzyysmartt-0x3023868433F6086cd8CE0C4083fe2E11B37ce0B7,1577538926904,,,,,,
repo.create,ruzyysmartt,,https-github-com-ruzyysmartt,https-github-com-ruzyysmartt/opensource.guide,1577425332864,,,,,,
integration_installation.repositories_added,ruzyysmartt,ruzyysmartt,,,1577381433505,,,,,,
repo.create,ruzyysmartt,ruzyysmartt,,ruzyysmartt/ethereum-commit-debugge-tool,1577727184552,,,,,,
repo.create,ruzyysmartt,ruzyysmartt,,ruzyysmartt/rippled,1577781118731,,,,,,
integration_installation.repositories_added,ruzyysmartt,ruzyysmartt,,,1576531915488,,,,,,
repo.create,ruzyysmartt,ruzyysmartt,,ruzyysmartt/brew,1576531915633,,,,,,
integration_installation.repositories_added,ruzyysmartt,ruzyysmartt,,,1576477659365,,,,,,
integration_installation.repositories_added,ruzyysmartt,ruzyysmartt,,,1576882428054,,,,,,
integration_installation.repositories_added,ruzyysmartt,ruzyysmartt,,,1576863125698,,,,,,
integration_installation.repositories_added,ruzyysmartt,ruzyysmartt,,,1576863424725,,,,,,
oauth_authorization.create,ruzyysmartt,ruzyysmartt,,,1577096576633,,,,,,
repo.create,ruzyysmartt,ruzyysmartt,,ruzyysmartt/ruzyysmartt-bechmark-reposentory,1577058916646,,,,,,
integration_installation.repositories_added,ruzyysmartt,ruzyysmartt,,,1577533263625,,,,,,
repo.create,ruzyysmartt,,https-github-com-ruzyysmartt,https-github-com-ruzyysmartt/sol2uml,1577720633627,,,,,,
integration_installation.repositories_added,ruzyysmartt,ruzyysmartt,,,1577727184489,,,,,,
integration_installation.repositories_added,ruzyysmartt,ruzyysmartt,,,1577236642337,,,,,,
marketplace_agreement_signature.create,ruzyysmartt,ruzyysmartt,,,1577235279706,,,,,,
repo.create,ruzyysmartt,,https-github-com-ruzyysmartt,https-github-com-ruzyysmartt/my-Address-wallet,1577103509998,,,,,,
integration_installation.repositories_added,ruzyysmartt,ruzyysmartt,,,1576841508561,,,,,,
integration_installation.repositories_added,ruzyysmartt,ruzyysmartt,,,1576859378631,,,,,,
org.add_member,ruzyysmartt,ruzyysmartt,https-github-com-ruzyysmartt,,1576858856514,,,,,,
repo.create,ruzyysmartt,,https-github-com-ruzyysmartt,https-github-com-ruzyysmartt/ruzyysmartt-0x3023868433F6086cd8CE0C4083fe2E11B37ce0B7,1576859867660,,,,,,
repo.create,ruzyysmartt,ruzyysmartt,,ruzyysmartt/ethereum-studio,1576849859839,,,,,,
repo.create,ruzyysmartt,ruzyysmartt,,ruzyysmartt/rest.js,1576930292459,,,,,,
repo.create,ruzyysmartt,ruzyysmartt,,ruzyysmartt/EIPs,1576709978063,,,,,,
integration_installation.repositories_added,ruzyysmartt,ruzyysmartt,,,1577501342026,,,,,,
repo.create,ruzyysmartt,,https-github-com-ruzyysmartt,https-github-com-ruzyysmartt/platform-samples,1577540138283,,,,,,
repo.create,ruzyysmartt,,https-github-com-ruzyysmartt,https-github-com-ruzyysmartt/emulate-storage-data-system-operational-internal-html-version-2.0,1577435314920,,,,,,
repo.create,ruzyysmartt,,https-github-com-ruzyysmartt,https-github-com-ruzyysmartt/Storage-emulate-memory-data-transaction-parity-remix-debugge-commitreposentory-complite-ruzyysmartt-,1577381484171,,,,,,
integration_installation.repositories_added,ruzyysmartt,ruzyysmartt,,,1576477659433,,,,,,
repo.create,ruzyysmartt,ruzyysmartt,,ruzyysmartt/ruzyysmartt-wallet-address,1576535051086,,,,,,
oauth_authorization.create,ruzyysmartt,ruzyysmartt,,,1576171558334,,,,,,
integration_installation.repositories_added,ruzyysmartt,ruzyysmartt,,,1576849859741,,,,,,
integration_installation.repositories_added,ruzyysmartt,ruzyysmartt,,,1577024243881,,,,,,
integration_installation.repositories_added,ruzyysmartt,ruzyysmartt,,,1577087235642,,,,,,
repo.create,ruzyysmartt,ruzyysmartt,,ruzyysmartt/commit-repository--0xde0b295669a9fd93d5f28d9ec85e40f4cb697bae,1577087235693,,,,,,
repo.create,ruzyysmartt,,https-github-com-ruzyysmartt,https-github-com-ruzyysmartt/ruzyysmartt-ether-0x3023868433F6086cd8CE0C4083fe2E11B37ce0B7,1576863512266,,,,,,
repo.create,ruzyysmartt,,https-github-com-ruzyysmartt,https-github-com-ruzyysmartt/atom,1576882429260,,,,,,
integration_installation.repositories_added,ruzyysmartt,ruzyysmartt,,,1576894166418,,,,,,
user.add_email,ruzyysmartt,ruzyysmartt,,,1577243566394,,,,,,
repo.create,ruzyysmartt,,https-github-com-ruzyysmartt,https-github-com-ruzyysmartt/metamask-extension,1577263597710,,,,,,
repo.create,ruzyysmartt,ruzyysmartt,,ruzyysmartt/Storage-emulate-memory-data-transaction-parity-remix-debugge-commitreposentory-complite-ruzyysmartt-,1577381433763,,,,,,
repo.create,ruzyysmartt,,https-github-com-ruzyysmartt,https-github-com-ruzyysmartt/fuzzy-enigma,1577534714434,,,,,,
repo.create,ruzyysmartt,,github-com-account-organizations-news,github-com-account-organizations-news/emulate-storage-data-system-operational-internal-html-version-2.0,1577435206883,,,,,,
integration_installation.repositories_added,ruzyysmartt,ruzyysmartt,,,1576169569906,,,,,,
integration_installation.repositories_added,ruzyysmartt,ruzyysmartt,,,1576415363543,,,,,,
integration_installation.repositories_added,ruzyysmartt,ruzyysmartt,,,1576846628885,,,,,,
repo.create,ruzyysmartt,ruzyysmartt,,ruzyysmartt/browser-compat-data,1576848994552,,,,,,
integration_installation.repositories_added,ruzyysmartt,ruzyysmartt,,,1576848994439,,,,,,
integration_installation.repositories_added,ruzyysmartt,ruzyysmartt,,,1576882427978,,,,,,
integration_installation.repositories_added,ruzyysmartt,ruzyysmartt,,,1576844561407,,,,,,
repo.create,ruzyysmartt,ruzyysmartt,,ruzyysmartt/commit-reposentory-0xb7bbf6d2f5372022cc07b6677a9eb49ce78da8c3,1577023315599,,,,,,
integration_installation.repositories_added,ruzyysmartt,ruzyysmartt,,,1577024244033,,,,,,
integration_installation.repositories_added,ruzyysmartt,,https-github-com-ruzyysmartt,,1576873963310,,,,,,
integration_installation.repositories_added,ruzyysmartt,ruzyysmartt,,,1577425964777,,,,,,
integration_installation.repositories_added,ruzyysmartt,ruzyysmartt,,,1577434065812,,,,,,
integration_installation.repositories_added,ruzyysmartt,ruzyysmartt,,,1577434065898,,,,,,
repo.create,ruzyysmartt,,https-github-com-ruzyysmartt,https-github-com-ruzyysmartt/javascript-action,1577435957763,,,,,,
project.create,ruzyysmartt,,https-github-com-ruzyysmartt,https-github-com-ruzyysmartt/panoramix,1577329894283,,,,,,
hook.create,ruzyysmartt,,,,1577235168185,169416992,"[""*""]",,,,
repo.create,ruzyysmartt,ruzyysmartt,,ruzyysmartt/my---ethereum---wallet,1577236642403,,,,,,
repo.create,ruzyysmartt,,https-github-com-ruzyysmartt,https-github-com-ruzyysmartt/MyCrypto,1577776830825,,,,,,
repo.create,ruzyysmartt,,https-github-com-ruzyysmartt,https-github-com-ruzyysmartt/rippled,1577782224360,,,,,,
integration_installation.repositories_added,ruzyysmartt,ruzyysmartt,,,1576709977938,,,,,,
integration_installation.repositories_added,ruzyysmartt,ruzyysmartt,,,1576863127994,,,,,,
integration_installation.repositories_added,ruzyysmartt,ruzyysmartt,,,1576847655632,,,,,,
oauth_authorization.create,ruzyysmartt,ruzyysmartt,,,1576859378726,,,,,,
repo.create,ruzyysmartt,,https-github-com-ruzyysmartt,https-github-com-ruzyysmartt/ruzyysmartt-bechmark-reposentory,1577059005471,,,,,,
repo.create,ruzyysmartt,,https-github-com-ruzyysmartt,https-github-com-ruzyysmartt/desktop,1577024112472,,,,,,
integration_installation.repositories_added,ruzyysmartt,ruzyysmartt,,,1577489735826,,,,,,
repo.create,ruzyysmartt,ruzyysmartt,,ruzyysmartt/panoramix,1577489736006,,,,,,
integration_installation.repositories_added,ruzyysmartt,ruzyysmartt,,,1577425964685,,,,,,
integration_installation.repositories_added,ruzyysmartt,ruzyysmartt,,,1577721271354,,,,,,
repo.create,ruzyysmartt,ruzyysmartt,,ruzyysmartt/bignumber.js,1576169569984,,,,,,
integration_installation.repositories_added,ruzyysmartt,ruzyysmartt,,,1576871635105,,,,,,
repo.create,ruzyysmartt,ruzyysmartt,,ruzyysmartt/Remix-debugge-dicompile-ruzyysmartt-,1576894166477,,,,,,
repo.create,ruzyysmartt,ruzyysmartt,,ruzyysmartt/Commit-repository-txt-xml-version-1.0,1577434065948,,,,,,
hook.create,ruzyysmartt,,https-github-com-ruzyysmartt,https-github-com-ruzyysmartt/fuzzy-enigma,1577535268732,170352388,"[""*""]",,,,
oauth_authorization.create,ruzyysmartt,ruzyysmartt,,,1577720820094,,,,,,
repo.pages_create,ruzyysmartt,ruzyysmartt,,ruzyysmartt/opensource.guide,1578091365413,,,,,,
repo.create,ruzyysmartt,,https-github-com-ruzyysmartt,https-github-com-ruzyysmartt/assets,1577932321954,,,,,,
repo.create,ruzyysmartt,,https-github-com-ruzyysmartt,https-github-com-ruzyysmartt/tokens,1577870405038,,,,,,
repo.add_topic,ruzyysmartt,ruzyysmartt,github-com-account-organizations-news,github-com-account-organizations-news/Remix-debugge-dicompile-ruzyysmartt-,1578343398346,,,,,,
repo.create,ruzyysmartt,,github-com-account-organizations-news,github-com-account-organizations-news/Remix-debugge-dicompile-ruzyysmartt-,1578343108481,,,,,,
integration_installation.repositories_added,ruzyysmartt,ruzyysmartt,,,1578341606199,,,,,,
integration_installation.repositories_added,ruzyysmartt,ruzyysmartt,,,1578642892978,,,,,,
repo.pages_create,ruzyysmartt,ruzyysmartt,,ruzyysmartt/Ruzyysmartt-ether-Web3,1579070460046,,,,,,
repo.create,ruzyysmartt,ruzyysmartt,,ruzyysmartt/MyCrypto,1578921271426,,,,,,
migration.create,ruzyysmartt,,ruzyysmartt,"[""ruzyysmartt/-github-ruzyysmartt-repository-0xb7bbf6d2f5372022cc07b6677a9eb49ce78da8c3"", ""ruzyysmartt/bignumber.js"", ""ruzyysmartt/brew"", ""ruzyysmartt/browser-compat-data"", ""ruzyysmartt/circleci-docs"", ""ruzyysmartt/Commit-remix-debungge-Complite-set-reposentory"", ""ruzyysmartt/commit-reposentory-0xb7bbf6d2f5372022cc07b6677a9eb49ce78da8c3"", ""ruzyysmartt/commit-repository--0xde0b295669a9fd93d5f28d9ec85e40f4cb697bae"", ""ruzyysmartt/Commit-repository-txt-xml-version-1.0"", ""ruzyysmartt/complitasion-remix-debugge-transacsion"", ""ruzyysmartt/compound-protocol"", ""ruzyysmartt/corefx"", ""ruzyysmartt/desktop"", ""ruzyysmartt/docs"", ""ruzyysmartt/docs-travis-ci-com"", ""ruzyysmartt/download.mycrypto.com"", ""ruzyysmartt/EIPs"", ""ruzyysmartt/ethereum-commit-debugge-tool"", ""ruzyysmartt/Ethereum-Game-Development-Projects"", ""ruzyysmartt/ethereum-studio"", ""ruzyysmartt/explore"", ""ruzyysmartt/flight-manual.atom.io"", ""ruzyysmartt/from-ruzyysmartt-github-txt-remix-debugge-commit-reponsentory"", ""ruzyysmartt/fuzzy-enigma"", ""ruzyysmartt/git-hub"", ""ruzyysmartt/guides"", ""ruzyysmartt/Hello-World"", ""ruzyysmartt/logo-ethereum-png"", ""ruzyysmartt/logo-ethereum.png"", ""ruzyysmartt/my---ethereum---wallet"", ""ruzyysmartt/my-Address-wallet"", ""ruzyysmartt/My-ethereum-wallet"", ""ruzyysmartt/my-key-wallet-0xde0b295669a9fd93d5f28d9ec85e40f4cb697bae"", ""ruzyysmartt/my-ruzyysmartt-ether-wallet"", ""ruzyysmartt/my-wallet-ethereum"", ""ruzyysmartt/MyCrypto"", ""ruzyysmartt/octobox-ruzyysmartt-patch-1"", ""ruzyysmartt/octokit.rb"", ""ruzyysmartt/opensource.guide"", ""ruzyysmartt/openzeppelin-contracts"", ""ruzyysmartt/owned-wallet"", ""ruzyysmartt/panoramix"", ""ruzyysmartt/remix"", ""ruzyysmartt/Remix-debugge-dicompile-ruzyysmartt-"", ""ruzyysmartt/remix-ethereum.org"", ""ruzyysmartt/rippled"", ""ruzyysmartt/rippled-historical-database"", ""ruzyysmartt/ruzyysmartt-0x3023868433F6086cd8CE0C4083fe2E11B37ce0B7"", ""ruzyysmartt/ruzyysmartt-asset"", ""ruzyysmartt/ruzyysmartt-atom-512521"", ""ruzyysmartt/ruzyysmartt-bechmark-reposentory"", ""ruzyysmartt/ruzyysmartt-ether-0x3023868433F6086cd8CE0C4083fe2E11B37ce0B7"", ""ruzyysmartt/Ruzyysmartt-ether-Web3"", ""ruzyysmartt/ruzyysmartt-full--assets"", ""ruzyysmartt/ruzyysmartt-rest.-js.-"", ""ruzyysmartt/ruzyysmartt-ruzyysmartt--0x3023868433F6086cd8CE0C4083fe2E11B37ce0B7"", ""ruzyysmartt/ruzyysmartt-wallet-address"", ""ruzyysmartt/semver"", ""ruzyysmartt/showmewhatyougot"", ""ruzyysmartt/source-verify"", ""ruzyysmartt/Storage-emulate-memory-data-transaction-parity-remix-debugge-commitreposentory-complite-ruzyysmartt-"", ""ruzyysmartt/update-readme"", ""ruzyysmartt/vocaloid-gui"", ""ruzyysmartt/web3.js""]",1579330093050,,,,,,
repo.add_topic,ruzyysmartt,ruzyysmartt,,ruzyysmartt/ruzyysmartt-atom-512521,1578180188155,,,,,,
integration_installation.repositories_added,ruzyysmartt,ruzyysmartt,,,1577932284818,,,,,,
integration_installation.repositories_added,ruzyysmartt,ruzyysmartt,,,1577916662488,,,,,,
user.add_email,ruzyysmartt,ruzyysmartt,,,1577924558608,,,,,,
repo.create,ruzyysmartt,,github-com-account-organizations-news,github-com-account-organizations-news/vocaloid-gui,1577837748115,,,,,,
repo.create,ruzyysmartt,,github-com-account-organizations-news,github-com-account-organizations-news/commit-remix-debungge-github-organize-repository-,1578468389295,,,,,,
integration_installation.create,ruzyysmartt,,https-github-com-52005723-ruzyysmartt,,1578534594689,,,,,,
marketplace_listing.create,ruzyysmartt,ruzyysmartt,,,1578582502810,,,,,,
repo.create,ruzyysmartt,,github-com-account-organizations-news,github-com-account-organizations-news/octokit.rb,1578414596423,,,,,,
repo.pages_create,ruzyysmartt,,https-github-com-52005723-ruzyysmartt,https-github-com-52005723-ruzyysmartt/52005723-ruzyysmartt-Octokit.rb,1578414872513,,,,,,
repo.create,ruzyysmartt,,github-com-account-organizations-news,github-com-account-organizations-news/My-ethereum-wallet,1578341650021,,,,,,
repo.create,ruzyysmartt,ruzyysmartt,,ruzyysmartt/Hello-World,1578932678698,,,,,,
integration_installation.repositories_added,ruzyysmartt,ruzyysmartt,,,1578947790706,,,,,,
repo.pages_create,ruzyysmartt,,github-com-account-organizations-news,github-com-account-organizations-news/web3.js,1579155982097,,,,,,
integration_installation.repositories_added,ruzyysmartt,,github-com-account-organizations-news,,1579155982365,,,,,,
repo.pages_create,ruzyysmartt,,github-com-account-organizations-news,github-com-account-organizations-news/panoramix,1579142533340,,,,,,
integration_installation.repositories_added,ruzyysmartt,ruzyysmartt,,,1579321568751,,,,,,
repo.create,ruzyysmartt,,github-com-account-organizations-news,github-com-account-organizations-news/ruzyysmartt-0x3023868433F6086cd8CE0C4083fe2E11B37ce0B7,1578339929813,,,,,,
integration.create,ruzyysmartt,ruzyysmartt,,,1578433877361,,,,,,
repo.pages_create,ruzyysmartt,,https-github-com-52005723-ruzyysmartt,https-github-com-52005723-ruzyysmartt/my-etherscan-wallet,1578534498074,,,,,,
repo.create,ruzyysmartt,,github-com-account-organizations-news,github-com-account-organizations-news/nodejs.org-archive,1578609394841,,,,,,
integration_installation.repositories_added,ruzyysmartt,ruzyysmartt,,,1578341606122,,,,,,
repo.create,ruzyysmartt,ruzyysmartt,,ruzyysmartt/docs,1578983379971,,,,,,
integration_installation.repositories_added,ruzyysmartt,ruzyysmartt,,,1578932678523,,,,,,
repo.create,ruzyysmartt,,https-github-com-52005723-ruzyysmartt,https-github-com-52005723-ruzyysmartt/tf2team,1579148068039,,,,,,
repo.create,ruzyysmartt,,https-github-com-ruzyysmartt,https-github-com-ruzyysmartt/tf2team,1579148214756,,,,,,
repo.add_topic,ruzyysmartt,ruzyysmartt,,ruzyysmartt/assets,1578141556087,,,,,,
integration_installation.repositories_added,ruzyysmartt,ruzyysmartt,,,1578193582100,,,,,,
repo.add_topic,ruzyysmartt,ruzyysmartt,,ruzyysmartt/ethereum-studio,1577928618242,,,,,,
repo.pages_create,ruzyysmartt,ruzyysmartt,,ruzyysmartt/my-ruzyysmartt-ether-wallet,1578717509097,,,,,,
repo.create,ruzyysmartt,,github-com-account-organizations-news,github-com-account-organizations-news/opensource.guide,1578406471710,,,,,,
repo.create,ruzyysmartt,,github-com-account-organizations-news,github-com-account-organizations-news/my-etherscan-wallet,1578533144880,,,,,,
integration_installation.create,ruzyysmartt,,github-com-account-organizations-news,,1579142533675,,,,,,
repo.pages_create,ruzyysmartt,,github-com-account-organizations-news,github-com-account-organizations-news/tf2team,1579149876958,,,,,,
repo.add_topic,ruzyysmartt,ruzyysmartt,https-github-com-ruzyysmartt,https-github-com-ruzyysmartt/panoramix,1579169872430,,,,,,
repo.add_topic,ruzyysmartt,ruzyysmartt,,ruzyysmartt/owned-wallet,1579322016518,,,,,,
repo.create,ruzyysmartt,,github-com-account-organizations-news,github-com-account-organizations-news/scaffold-1,1578094244365,,,,,,
repo.add_topic,ruzyysmartt,ruzyysmartt,github-com-account-organizations-news,github-com-account-organizations-news/My-ethereum-wallet,1578341708867,,,,,,
repo.create,ruzyysmartt,,github-com-account-organizations-news,github-com-account-organizations-news/web3.js,1578191951510,,,,,,
repo.create,ruzyysmartt,,github-com-account-organizations-news,github-com-account-organizations-news/ruzyysmartt-rest.-js.-,1578194380021,,,,,,
integration_installation.repositories_added,ruzyysmartt,ruzyysmartt,,,1578195168697,,,,,,
integration_installation.repositories_added,ruzyysmartt,ruzyysmartt,,,1577923250103,,,,,,
repo.create,ruzyysmartt,,https-github-com-52005723-ruzyysmartt,https-github-com-52005723-ruzyysmartt/my-etherscan-wallet,1578533159721,,,,,,
repo.create,ruzyysmartt,ruzyysmartt,,ruzyysmartt/octobox,1578642893066,,,,,,
hook.create,ruzyysmartt,,,ruzyysmartt/ruzyysmartt-Octocat-Spoon-Knife,1578428176699,173150772,"[""push""]",,,,
integration_installation.repositories_added,ruzyysmartt,ruzyysmartt,,,1578422609563,,,,,,
repo.create,ruzyysmartt,,github-com-account-organizations-news,github-com-account-organizations-news/openssl,1578578886488,,,,,,
integration_installation.repositories_added,ruzyysmartt,ruzyysmartt,,,1578921271166,,,,,,
integration_installation.repositories_added,ruzyysmartt,ruzyysmartt,,,1578921271325,,,,,,
repo.add_topic,ruzyysmartt,ruzyysmartt,github-com-account-organizations-news,github-com-account-organizations-news/ruzyysmartt-github-panoramix,1579151420043,,,,,,
repo.add_topic,ruzyysmartt,ruzyysmartt,,ruzyysmartt/owned-wallet,1579322091847,,,,,,
repo.add_topic,ruzyysmartt,ruzyysmartt,,ruzyysmartt/owned-wallet,1579322079099,,,,,,
integration_installation.repositories_added,ruzyysmartt,ruzyysmartt,,,1577932284883,,,,,,
repo.create,ruzyysmartt,ruzyysmartt,,ruzyysmartt/scaffold,1577923250206,,,,,,
repo.create,ruzyysmartt,,https-github-com-ruzyysmartt,https-github-com-ruzyysmartt/etherwallet,1577856047469,,,,,,
integration_installation.repositories_added,ruzyysmartt,ruzyysmartt,,,1578983379900,,,,,,
repo.add_topic,ruzyysmartt,ruzyysmartt,,ruzyysmartt/MyCrypto,1578921700240,,,,,,
repo.add_topic,ruzyysmartt,ruzyysmartt,https-github-com-ruzyysmartt,https-github-com-ruzyysmartt/ethash,1578794218478,,,,,,
repo.create,ruzyysmartt,,https-github-com-ruzyysmartt,https-github-com-ruzyysmartt/solidity-test-bytecode,1578727961231,,,,,,
integration_installation.repositories_added,ruzyysmartt,,https-github-com-ruzyysmartt,,1578730651685,,,,,,
hook.create,ruzyysmartt,,,ruzyysmartt/my-ruzyysmartt-ether-wallet,1578717772199,174111879,"[""push""]",,,,
integration_installation.repositories_added,ruzyysmartt,,https-github-com-52005723-ruzyysmartt,,1578414872850,,,,,,
integration_installation.repositories_added,ruzyysmartt,ruzyysmartt,,,1579059410372,,,,,,
integration_installation.repositories_added,ruzyysmartt,,github-com-account-organizations-news,,1579149942784,,,,,,
integration_installation.repositories_added,ruzyysmartt,ruzyysmartt,,,1578195168763,,,,,,
repo.create,ruzyysmartt,,github-com-account-organizations-news,github-com-account-organizations-news/assets,1577932320980,,,,,,
repo.create,ruzyysmartt,,github-com-account-organizations-news,github-com-account-organizations-news/rippled,1577914431244,,,,,,
repo.create,ruzyysmartt,,https-github-com-ruzyysmartt,https-github-com-ruzyysmartt/rippled-historical-database,1577916295333,,,,,,
repo.create,ruzyysmartt,,github-com-account-organizations-news,github-com-account-organizations-news/rippled-historical-database,1577916499477,,,,,,
repo.create,ruzyysmartt,,https-github-com-ruzyysmartt,https-github-com-ruzyysmartt/vocaloid-gui,1577837745238,,,,,,
repo.create,ruzyysmartt,ruzyysmartt,,ruzyysmartt/My-ethereum-wallet,1578341606287,,,,,,
repo.create,ruzyysmartt,,https-github-com-52005723-ruzyysmartt,https-github-com-52005723-ruzyysmartt/update-readme,1578421290709,,,,,,
hook.create,ruzyysmartt,,,ruzyysmartt/ruzyysmartt-Octocat-Spoon-Knife,1578428722498,173152495,"[""push""]",,,,
repo.pages_create,ruzyysmartt,,https-github-com-ruzyysmartt,https-github-com-ruzyysmartt/scaffold-1,1578454499712,,,,,,
integration_installation.repositories_added,ruzyysmartt,,https-github-com-ruzyysmartt,,1578454500052,,,,,,
integration_installation.repositories_added,ruzyysmartt,ruzyysmartt,,,1578422609430,,,,,,
repo.create,ruzyysmartt,ruzyysmartt,,ruzyysmartt/Spoon-Knife,1578424674142,,,,,,
hook.create,ruzyysmartt,,,,1578433877519,173169641,"[""security_advisory"", ""meta""]",,,,
integration_installation.repositories_added,ruzyysmartt,,https-github-com-52005723-ruzyysmartt,,1578534498394,,,,,,
integration_installation.repositories_added,ruzyysmartt,ruzyysmartt,,,1578610944860,,,,,,
repo.create,ruzyysmartt,,https-github-com-52005723-ruzyysmartt,https-github-com-52005723-ruzyysmartt/ruzyysmartt-assets,1578610313377,,,,,,
integration_installation.repositories_added,ruzyysmartt,ruzyysmartt,,,1578947790831,,,,,,
repo.create,ruzyysmartt,ruzyysmartt,,ruzyysmartt/octokit.rb,1578947790902,,,,,,
repo.pages_create,ruzyysmartt,,https-github-com-ruzyysmartt,https-github-com-ruzyysmartt/lld-v2,1578821418462,,,,,,
repo.create,ruzyysmartt,,github-com-account-organizations-news,github-com-account-organizations-news/atom,1578178670790,,,,,,
repo.add_topic,ruzyysmartt,ruzyysmartt,,ruzyysmartt/ruzyysmartt-rest.-js.-,1578194157309,,,,,,
integration_installation.repositories_added,ruzyysmartt,ruzyysmartt,,,1577923250033,,,,,,
repo.create,ruzyysmartt,,github-com-account-organizations-news,github-com-account-organizations-news/fuzzy-enigma,1577925055183,,,,,,
integration_installation.create,ruzyysmartt,,github-com-account-organizations-news,,1578469672959,,,,,,
repo.create,ruzyysmartt,,github-com-account-organizations-news,github-com-account-organizations-news/update-readme,1578422779435,,,,,,
repo.pages_create,ruzyysmartt,ruzyysmartt,,ruzyysmartt/ruzyysmartt-assets,1578610561795,,,,,,
integration_installation.repositories_added,ruzyysmartt,ruzyysmartt,,,1578610562071,,,,,,
repo.add_topic,ruzyysmartt,ruzyysmartt,,ruzyysmartt/MyCrypto,1578921760611,,,,,,
oauth_authorization.create,ruzyysmartt,ruzyysmartt,,,1578981520917,,,,,,
repo.create,ruzyysmartt,,https-github-com-52005723-ruzyysmartt,https-github-com-52005723-ruzyysmartt/github-ruzyysmartt-markup,1578719777512,,,,,,
repo.pages_create,ruzyysmartt,,https-github-com-ruzyysmartt,https-github-com-ruzyysmartt/ruzyysmartt-rippled,1578725657011,,,,,,
repo.add_topic,ruzyysmartt,ruzyysmartt,https-github-com-ruzyysmartt,https-github-com-ruzyysmartt/panoramix,1579169845266,,,,,,
repo.add_topic,ruzyysmartt,ruzyysmartt,,ruzyysmartt/panoramix,1579318595405,,,,,,
integration_installation.repositories_added,ruzyysmartt,ruzyysmartt,,,1577899998586,,,,,,
repo.create,ruzyysmartt,ruzyysmartt,,ruzyysmartt/compound-protocol,1577899998707,,,,,,
repo.create,ruzyysmartt,,https-github-com-ruzyysmartt,https-github-com-ruzyysmartt/ethereum-lists,1577870480745,,,,,,
integration_installation.create,ruzyysmartt,,https-github-com-52005723-ruzyysmartt,,1578341322443,,,,,,
repo.add_topic,ruzyysmartt,ruzyysmartt,,ruzyysmartt/opensource.guide,1578413861379,,,,,,
repo.create,ruzyysmartt,,https-github-com-52005723-ruzyysmartt,https-github-com-52005723-ruzyysmartt/commit-remix-debungge-github-organize-repository-,1578461156079,,,,,,
repo.create,ruzyysmartt,,https-github-com-ruzyysmartt,https-github-com-ruzyysmartt/Spoon-Knife,1578425834510,,,,,,
repo.create,ruzyysmartt,,https-github-com-ruzyysmartt,https-github-com-ruzyysmartt/docs,1578985501609,,,,,,
repo.create,ruzyysmartt,,github-com-account-organizations-news,github-com-account-organizations-news/Hello-World,1578932833300,,,,,,
repo.create,ruzyysmartt,,https-github-com-ruzyysmartt,https-github-com-ruzyysmartt/markup,1578719184993,,,,,,
repository_image.create,ruzyysmartt,ruzyysmartt,,ruzyysmartt/Ruzyysmartt-ether-Web3,1579059847866,,,,,,
repo.add_topic,ruzyysmartt,ruzyysmartt,,ruzyysmartt/panoramix,1579170492034,,,,,,
repo.add_topic,ruzyysmartt,ruzyysmartt,https-github-com-52005723-ruzyysmartt,https-github-com-52005723-ruzyysmartt/tf2team,1579148129263,,,,,,
integration_installation.repositories_added,ruzyysmartt,,github-com-account-organizations-news,,1579149877276,,,,,,
repo.create,ruzyysmartt,,https-github-com-ruzyysmartt,https-github-com-ruzyysmartt/update-readme,1579154875199,,,,,,
repo.pages_create,ruzyysmartt,,https-github-com-ruzyysmartt,https-github-com-ruzyysmartt/source-verify,1578091997345,,,,,,
repo.create,ruzyysmartt,,https-github-com-ruzyysmartt,https-github-com-ruzyysmartt/ethereum-studio,1577928756583,,,,,,
integration_installation.repositories_added,ruzyysmartt,ruzyysmartt,,,1578932678635,,,,,,
hook.create,ruzyysmartt,,,,1578582702921,173669170,"[""*""]",,,,
integration_installation.repositories_added,ruzyysmartt,ruzyysmartt,,,1578642892874,,,,,,
repo.create,ruzyysmartt,,https-github-com-ruzyysmartt,https-github-com-ruzyysmartt/octobox,1578642841024,,,,,,
integration_installation.repositories_added,ruzyysmartt,ruzyysmartt,,,1578424674023,,,,,,
repo.pages_create,ruzyysmartt,ruzyysmartt,,ruzyysmartt/Spoon-Knife,1578426142941,,,,,,
user.audit_log_export,ruzyysmartt,ruzyysmartt,,,1579330554115,,,,,,
repo.create,ruzyysmartt,,https-github-com-ruzyysmartt,https-github-com-ruzyysmartt/ledger-live-mobile,1578034322280,,,,,,
repo.create,ruzyysmartt,,https-github-com-52005723-ruzyysmartt,https-github-com-52005723-ruzyysmartt/ruzyysmartt-0x3023868433F6086cd8CE0C4083fe2E11B37ce0B7,1578340803489,,,,,,
repo.pages_create,ruzyysmartt,,https-github-com-52005723-ruzyysmartt,https-github-com-52005723-ruzyysmartt/ruzyysmartt-0x3023868433F6086cd8CE0C4083fe2E11B37ce0B7,1578341322085,,,,,,
repo.create,ruzyysmartt,,https-github-com-ruzyysmartt,https-github-com-ruzyysmartt/compound-protocol,1577886655814,,,,,,
integration_installation.repositories_added,ruzyysmartt,ruzyysmartt,,,1577916662561,,,,,,
repo.add_topic,ruzyysmartt,ruzyysmartt,https-github-com-ruzyysmartt,https-github-com-ruzyysmartt/assets,1577933550474,,,,,,
repo.create,ruzyysmartt,ruzyysmartt,,ruzyysmartt/update-readme,1578422609645,,,,,,
repo.add_topic,ruzyysmartt,ruzyysmartt,,ruzyysmartt/MyCrypto,1578921790775,,,,,,
repo.add_topic,ruzyysmartt,ruzyysmartt,https-github-com-52005723-ruzyysmartt,https-github-com-52005723-ruzyysmartt/web3.js,1579009127631,,,,,,
integration_installation.repositories_added,ruzyysmartt,ruzyysmartt,,,1579059626312,,,,,,
user.audit_log_export,ruzyysmartt,ruzyysmartt,,,1579331308801,,,,,,
repo.add_topic,ruzyysmartt,ruzyysmartt,github-com-account-organizations-news,github-com-account-organizations-news/My-ethereum-wallet,1578341729640,,,,,,
repo.create,ruzyysmartt,,https-github-com-ruzyysmartt,https-github-com-ruzyysmartt/scaffold,1577922186080,,,,,,
repo.add_topic,ruzyysmartt,ruzyysmartt,https-github-com-ruzyysmartt,https-github-com-ruzyysmartt/assets,1577932510413,,,,,,
repo.create,ruzyysmartt,,https-github-com-52005723-ruzyysmartt,https-github-com-52005723-ruzyysmartt/panoramix,1578913642262,,,,,,
repo.create,ruzyysmartt,,https-github-com-52005723-ruzyysmartt,https-github-com-52005723-ruzyysmartt/web3.js,1579008936897,,,,,,
repo.create,ruzyysmartt,,https-github-com-ruzyysmartt,https-github-com-ruzyysmartt/ethash,1578794061402,,,,,,
integration_installation.create,ruzyysmartt,,https-github-com-52005723-ruzyysmartt,,1579064323919,,,,,,
integration_installation.repositories_added,ruzyysmartt,ruzyysmartt,,,1579059625759,,,,,,
repo.create,ruzyysmartt,ruzyysmartt,,ruzyysmartt/Ruzyysmartt-ether-Web3,1579059410454,,,,,,
repo.create,ruzyysmartt,,https-github-com-ruzyysmartt,https-github-com-ruzyysmartt/source-verify,1578730443211,,,,,,
integration_installation.create,ruzyysmartt,ruzyysmartt,,,1579182952111,,,,,,
repo.add_topic,ruzyysmartt,ruzyysmartt,,ruzyysmartt/owned-wallet,1579322058777,,,,,,
repo.add_topic,ruzyysmartt,ruzyysmartt,https-github-com-ruzyysmartt,https-github-com-ruzyysmartt/my-Address-wallet,1577927725071,,,,,,
repo.create,ruzyysmartt,,github-com-account-organizations-news,github-com-account-organizations-news/Commit-remix-debungge-Complite-set-reposentory,1577886854280,,,,,,
repo.create,ruzyysmartt,ruzyysmartt,,ruzyysmartt/assets,1577932284992,,,,,,
integration_installation.repositories_added,ruzyysmartt,ruzyysmartt,,,1577899998650,,,,,,
repo.create,ruzyysmartt,ruzyysmartt,,ruzyysmartt/rippled-historical-database,1577916662678,,,,,,
repo.create,ruzyysmartt,,https-github-com-52005723-ruzyysmartt,https-github-com-52005723-ruzyysmartt/lock,1578605609944,,,,,,
repo.create,ruzyysmartt,,https-github-com-52005723-ruzyysmartt,https-github-com-52005723-ruzyysmartt/octokit.rb,1578414597927,,,,,,
integration_installation.repositories_added,ruzyysmartt,ruzyysmartt,,,1578424674086,,,,,,
repo.create,ruzyysmartt,,github-com-account-organizations-news,github-com-account-organizations-news/panoramix,1578912412004,,,,,,
repo.create,ruzyysmartt,,https-github-com-ruzyysmartt,https-github-com-ruzyysmartt/lld-v2,1578818988540,,,,,,
integration_installation.repositories_added,ruzyysmartt,,https-github-com-52005723-ruzyysmartt,,1579011142055,,,,,,
integration_installation.repositories_added,ruzyysmartt,ruzyysmartt,,,1579070677704,,,,,,
repo.add_topic,ruzyysmartt,ruzyysmartt,github-com-account-organizations-news,github-com-account-organizations-news/ruzyysmartt-github-panoramix,1579318257026,,,,,,
repo.create,ruzyysmartt,ruzyysmartt,,ruzyysmartt/owned-wallet,1579321568819,,,,,,
repo.add_topic,ruzyysmartt,ruzyysmartt,,ruzyysmartt/owned-wallet,1579322101487,,,,,,
repo.add_topic,ruzyysmartt,ruzyysmartt,,ruzyysmartt/owned-wallet,1579321995227,,,,,,
integration_installation.repositories_added,ruzyysmartt,ruzyysmartt,,,1578091365699,,,,,,
integration_installation.repositories_added,ruzyysmartt,ruzyysmartt,,,1578092541111,,,,,,
repo.create,ruzyysmartt,,https-github-com-ruzyysmartt,https-github-com-ruzyysmartt/octokit.rb,1578192953056,,,,,,
org.add_member,ruzyysmartt,ruzyysmartt,https-github-com-52005723-ruzyysmartt,,1578194974526,,,,,,
repo.create,ruzyysmartt,,https-github-com-ruzyysmartt,https-github-com-ruzyysmartt/scaffold-1,1577923513168,,,,,,
repo.add_topic,ruzyysmartt,ruzyysmartt,https-github-com-ruzyysmartt,https-github-com-ruzyysmartt/ethereum-studio,1577928977093,,,,,,
repo.create,ruzyysmartt,,github-com-account-organizations-news,github-com-account-organizations-news/py-etherscan-api,1577840398061,,,,,,
integration_installation.repositories_added,ruzyysmartt,ruzyysmartt,,,1578426143344,,,,,,
repo.pages_create,ruzyysmartt,,https-github-com-52005723-ruzyysmartt,https-github-com-52005723-ruzyysmartt/web3.js,1579011141740,,,,,,
repo.pages_create,ruzyysmartt,,https-github-com-ruzyysmartt,https-github-com-ruzyysmartt/source-verify,1578730651427,,,,,,
oauth_authorization.create,ruzyysmartt,ruzyysmartt,,,1579182952332,,,,,,
repo.add_topic,ruzyysmartt,ruzyysmartt,,ruzyysmartt/ruzyysmartt-rest.-js.-,1578193941342,,,,,,
repo.add_member,ruzyysmartt,ruzyysmartt,github-com-account-organizations-news,github-com-account-organizations-news/ruzyysmartt-github-organize-repository-,1578469385462,,,,,,
repo.add_topic,ruzyysmartt,ruzyysmartt,github-com-account-organizations-news,github-com-account-organizations-news/My-ethereum-wallet,1578341776761,,,,,,
marketplace_listing_plan.create,ruzyysmartt,,,,1578932358906,,,,,,
integration_installation.repositories_added,ruzyysmartt,ruzyysmartt,,,1578983379812,,,,,,
integration_installation.repositories_added,ruzyysmartt,,https-github-com-ruzyysmartt,,1578821418790,,,,,,
repository_image.create,ruzyysmartt,,https-github-com-ruzyysmartt,https-github-com-ruzyysmartt/lld-v2,1578821488631,,,,,,
repository_image.create,ruzyysmartt,,https-github-com-52005723-ruzyysmartt,https-github-com-52005723-ruzyysmartt/Ruzyysmartt-ether-Web3,1579061050548,,,,,,
repo.create,ruzyysmartt,,https-github-com-ruzyysmartt,https-github-com-ruzyysmartt/openzeppelin-contracts,1579054329775,,,,,,
repo.create,ruzyysmartt,,github-com-account-organizations-news,github-com-account-organizations-news/tf2team,1579146982482,,,,,,
repo.add_topic,ruzyysmartt,ruzyysmartt,github-com-account-organizations-news,github-com-account-organizations-news/tf2team,1579147774620,,,,,,
integration_installation.repositories_added,ruzyysmartt,ruzyysmartt,,,1579321568668,,,,,,
repo.add_topic,ruzyysmartt,ruzyysmartt,github-com-account-organizations-news,github-com-account-organizations-news/My-ethereum-wallet,1578341694122,,,,,,
user.add_email,ruzyysmartt,ruzyysmartt,,,1578083042770,,,,,,
integration_installation.repositories_added,ruzyysmartt,,https-github-com-ruzyysmartt,,1578091997685,,,,,,
repo.pages_create,ruzyysmartt,ruzyysmartt,,ruzyysmartt/scaffold,1578092540808,,,,,,
repo.create,ruzyysmartt,ruzyysmartt,,ruzyysmartt/ruzyysmartt-asset,1578195168818,,,,,,
repo.add_topic,ruzyysmartt,ruzyysmartt,,ruzyysmartt/ruzyysmartt-rest.-js.-,1578194317782,,,,,,
oauth_authorization.create,ruzyysmartt,ruzyysmartt,,,1578187381919,,,,,,
repo.pages_create,ruzyysmartt,ruzyysmartt,,ruzyysmartt/ruzyysmartt-rest.-js.-,1578193581964,,,,,,
repo.create,ruzyysmartt,,https-github-com-ruzyysmartt,https-github-com-ruzyysmartt/py-etherscan-api,1577840038247,,,,,,
repo.create,ruzyysmartt,,https-github-com-52005723-ruzyysmartt,https-github-com-52005723-ruzyysmartt/opensource.guide,1578414459612,,,,,,
repo.create,ruzyysmartt,,https-github-com-ruzyysmartt,https-github-com-ruzyysmartt/download.mycrypto.com,1578920956953,,,,,,
repo.add_topic,ruzyysmartt,ruzyysmartt,https-github-com-ruzyysmartt,https-github-com-ruzyysmartt/ethash,1578794254275,,,,,,
integration_installation.repositories_added,ruzyysmartt,,https-github-com-ruzyysmartt,,1578725657215,,,,,,
integration_installation.repositories_added,ruzyysmartt,ruzyysmartt,,,1578717509330,,,,,,
repo.create,ruzyysmartt,,https-github-com-52005723-ruzyysmartt,https-github-com-52005723-ruzyysmartt/Ruzyysmartt-ether-Web3,1579060716262,,,,,,
integration_installation.repositories_added,ruzyysmartt,ruzyysmartt,,,1579059410250,,,,,,
repository_image.create,ruzyysmartt,ruzyysmartt,,ruzyysmartt/owned-wallet,1579329757947,,,,,,
